year,month,day,close,volume,start,high,low
2019,10,18,"77,400","13,625,664","81,500","81,700","77,300"
2019,10,17,"81,000","1,713,942","82,000","82,200","80,600"
2019,10,16,"82,400","2,436,269","82,400","82,700","81,900"
2019,10,15,"81,200","1,518,810","80,700","81,700","80,500"
2019,10,14,"80,500","1,972,409","82,000","82,300","80,400"
2019,10,11,"80,000","2,186,536","79,800","80,500","79,400"
2019,10,10,"79,000","4,389,324","78,900","79,600","78,100"
2019,10,8,"80,900","1,816,880","80,400","81,100","79,400"
2019,10,7,"80,300","1,229,105","80,700","81,700","79,800"
2019,10,4,"80,300","2,430,603","78,900","81,300","78,900"
2019,10,2,"79,500","2,188,097","81,600","81,600","79,500"
2019,10,1,"82,000","2,370,210","81,800","82,500","81,700"
2019,9,30,"82,200","2,442,478","80,600","82,900","80,400"
2019,9,27,"81,400","2,625,620","80,200","81,500","80,100"
2019,9,26,"83,300","1,734,941","83,000","83,500","82,500"
2019,9,25,"81,900","1,644,881","82,200","82,800","81,500"
2019,9,24,"83,400","1,662,830","82,500","83,500","81,400"
2019,9,23,"82,800","1,413,663","81,900","83,300","81,900"
2019,9,20,"82,200","2,447,172","82,800","83,400","82,100"
2019,9,19,"82,700","3,612,220","80,600","82,700","80,300"
2019,9,18,"80,200","2,706,678","80,100","80,600","79,500"
2019,9,17,"79,400","2,538,780","80,000","80,400","79,100"
2019,9,16,"79,500","5,174,391","81,000","81,000","79,000"
2019,9,11,"82,600","3,650,902","83,400","84,300","81,300"
2019,9,10,"83,100","1,761,883","84,200","84,200","82,700"
2019,9,9,"84,300","2,642,174","83,100","84,600","82,500"
2019,9,6,"81,900","2,418,057","84,000","84,000","81,500"
2019,9,5,"83,000","4,068,631","81,400","83,000","81,200"
2019,9,4,"80,000","2,723,541","77,400","80,000","77,300"
2019,9,3,"77,000","1,611,563","77,200","77,600","76,300"
2019,9,2,"77,600","1,431,352","77,000","78,200","76,500"
2019,8,30,"77,400","3,839,246","74,600","78,000","74,600"
2019,8,29,"73,300","2,050,860","73,500","74,100","72,000"
2019,8,28,"73,300","1,380,522","73,500","73,700","72,500"
2019,8,27,"73,000","2,512,610","72,500","73,700","72,500"
2019,8,26,"71,800","2,645,491","72,600","73,000","71,500"
2019,8,23,"74,400","1,695,532","73,500","75,200","73,400"
2019,8,22,"73,800","2,309,550","75,300","76,000","73,800"
2019,8,21,"75,800","1,898,789","75,900","76,900","75,500"
2019,8,20,"76,400","1,694,275","75,500","76,600","75,100"
2019,8,19,"75,100","1,591,728","77,300","77,500","74,800"
2019,8,16,"76,400","2,015,785","75,800","76,400","75,100"
2019,8,14,"76,900","2,561,643","77,200","77,900","76,200"
2019,8,13,"74,500","1,304,708","74,000","75,100","73,700"
2019,8,12,"74,500","1,254,926","73,700","75,000","73,500"
2019,8,9,"73,300","2,100,380","73,200","74,100","72,300"
2019,8,8,"72,300","2,943,206","73,600","74,500","72,000"
2019,8,7,"73,300","2,692,841","72,000","74,300","72,000"
2019,8,6,"72,000","5,008,247","73,100","73,900","71,900"
2019,8,5,"75,400","2,889,902","75,500","76,000","74,900"
2019,8,2,"76,100","4,845,952","75,400","76,800","74,900"
2019,8,1,"77,700","3,397,831","75,300","78,700","75,300"
2019,7,31,"76,900","3,712,241","78,000","79,100","75,300"
2019,7,30,"78,900","2,371,300","78,200","80,000","77,700"
2019,7,29,"77,000","2,616,782","79,000","79,400","76,500"
2019,7,26,"79,800","3,095,260","78,100","80,300","78,000"
2019,7,25,"79,200","3,963,383","79,700","80,400","77,700"
2019,7,24,"77,600","3,562,342","78,800","80,200","77,100"
2019,7,23,"78,800","4,814,941","79,700","80,700","78,200"
2019,7,22,"78,400","3,213,786","77,800","79,200","77,000"
2019,7,19,"76,800","2,635,348","75,900","77,000","75,600"
2019,7,18,"74,700","1,902,110","74,300","75,200","73,900"
2019,7,17,"74,600","2,805,672","74,600","75,200","74,000"
2019,7,16,"76,100","2,450,278","74,800","76,500","74,800"
2019,7,15,"76,200","2,122,090","74,500","76,500","74,400"
2019,7,12,"74,700","2,638,271","75,600","75,800","74,400"
2019,7,11,"75,500","5,111,929","74,000","75,500","74,000"
2019,7,10,"72,900","4,346,179","71,500","73,400","71,000"
2019,7,9,"69,800","2,912,514","68,400","70,500","67,900"
2019,7,8,"67,400","2,202,260","66,400","68,000","66,200"
2019,7,5,"68,400","2,043,271","70,300","71,000","68,400"
2019,7,4,"70,200","1,503,707","69,600","70,700","69,300"
2019,7,3,"69,100","2,790,684","71,100","71,700","69,000"
2019,7,2,"71,400","2,495,399","69,700","71,700","69,100"
2019,7,1,"70,000","3,538,183","71,000","71,000","69,700"
2019,6,28,"69,500","3,117,569","70,900","70,900","68,400"
2019,6,27,"70,200","5,361,201","70,100","71,600","69,700"
2019,6,26,"68,900","5,024,201","68,300","69,600","67,900"
2019,6,25,"66,700","1,873,766","66,700","67,400","66,300"
2019,6,24,"66,900","2,164,462","65,900","67,400","65,600"
2019,6,21,"65,900","2,403,002","67,100","67,300","65,900"
2019,6,20,"67,300","2,773,637","67,200","67,400","66,200"
2019,6,19,"67,200","6,230,370","65,800","67,300","65,200"
2019,6,18,"63,400","1,549,497","63,800","64,200","63,300"
2019,6,17,"63,700","2,435,039","62,800","63,800","62,400"
2019,6,14,"63,100","3,686,472","63,200","64,000","62,600"
2019,6,13,"63,500","5,947,811","64,900","65,100","63,300"
2019,6,12,"65,700","2,437,640","66,800","67,100","65,700"
2019,6,11,"67,200","2,429,182","66,900","67,800","66,700"
2019,6,10,"66,800","3,091,757","66,100","67,000","65,800"
2019,6,7,"65,400","2,355,869","65,200","66,000","64,600"
2019,6,5,"65,100","4,832,796","66,900","67,600","64,900"
2019,6,4,"65,100","2,892,681","66,500","66,700","65,100"
2019,6,3,"66,600","4,020,572","65,200","67,200","64,200"
2019,5,31,"65,300","3,191,350","65,900","66,900","64,700"
2019,5,30,"65,900","3,023,108","66,300","66,900","65,800"
2019,5,29,"66,100","6,056,903","65,600","66,700","64,900"
2019,5,28,"65,900","12,052,399","67,200","68,300","65,900"
2019,5,27,"66,900","2,214,176","67,900","68,200","66,400"
2019,5,24,"67,600","3,339,145","67,300","68,600","67,000"
2019,5,23,"68,000","3,108,370","68,400","69,100","67,300"
2019,5,22,"68,900","3,128,787","71,300","71,300","68,500"
2019,5,21,"70,300","3,893,536","70,500","72,200","69,700"
2019,5,20,"70,900","1,970,694","71,800","72,800","70,700"
2019,5,17,"71,600","2,412,668","72,500","73,300","71,400"
2019,5,16,"71,900","3,467,027","74,400","75,100","71,600"
2019,5,15,"74,500","2,056,131","74,800","75,100","73,900"
2019,5,14,"74,600","3,712,697","72,200","75,100","71,600"
2019,5,13,"73,500","3,062,929","73,900","75,000","72,800"
2019,5,10,"74,400","5,702,537","76,100","76,700","73,400"
2019,5,9,"76,000","5,939,278","79,600","79,700","75,200"
2019,5,8,"80,300","2,731,620","78,700","80,500","78,000"
2019,5,7,"79,900","2,700,371","79,200","80,400","78,700"
2019,5,3,"80,400","2,481,811","81,100","81,300","80,300"
2019,5,2,"80,700","3,092,434","79,700","81,200","79,100"
2019,4,30,"79,000","2,960,242","79,400","80,700","78,100"
2019,4,29,"80,000","2,987,384","78,700","80,100","78,200"
2019,4,26,"78,600","5,183,181","78,500","79,900","77,600"
2019,4,25,"80,200","5,586,360","78,400","81,500","78,100"
2019,4,24,"78,500","5,318,487","81,500","81,500","77,500"
2019,4,23,"81,000","1,779,318","81,000","81,800","80,400"
2019,4,22,"80,500","1,887,109","81,500","81,800","79,900"
2019,4,19,"81,800","3,040,186","80,500","82,400","80,100"
2019,4,18,"79,200","3,295,697","80,800","81,200","78,500"
2019,4,17,"80,200","2,886,956","81,000","82,300","80,000"
2019,4,16,"80,400","2,206,997","79,900","80,800","79,100"
2019,4,15,"79,700","2,019,931","79,000","79,900","78,600"
2019,4,12,"78,100","2,317,264","77,400","78,800","77,400"
2019,4,11,"78,400","2,614,388","79,200","79,500","78,000"
2019,4,10,"78,600","2,689,591","76,700","78,800","76,200"
2019,4,9,"77,800","2,322,860","77,700","78,700","77,400"
2019,4,8,"77,900","2,663,493","78,900","79,200","77,600"
2019,4,5,"79,000","2,191,720","78,200","79,300","77,900"
2019,4,4,"78,400","5,436,236","80,400","81,400","77,800"
2019,4,3,"79,900","4,674,142","76,800","79,900","76,500"
2019,4,2,"76,400","2,719,440","77,900","78,000","76,100"
2019,4,1,"76,600","3,579,070","75,600","77,100","75,500"
2019,3,29,"74,200","3,214,170","72,900","74,900","72,700"
2019,3,28,"72,300","2,774,932","72,300","73,600","71,700"
2019,3,27,"73,400","2,744,175","71,800","74,100","71,200"
2019,3,26,"72,700","2,987,678","72,900","73,300","71,500"
2019,3,25,"72,900","3,752,230","73,700","74,200","72,600"
2019,3,22,"76,100","5,286,455","78,900","78,900","75,900"
2019,3,21,"75,900","10,030,131","73,500","76,000","72,600"
2019,3,20,"70,500","3,642,962","68,400","70,600","67,600"
2019,3,19,"68,000","2,285,169","67,300","68,000","66,600"
2019,3,18,"67,800","2,158,588","69,200","69,300","67,300"
2019,3,15,"68,100","3,645,592","67,400","68,700","66,700"
2019,3,14,"67,300","3,107,100","67,400","67,400","66,400"
2019,3,13,"66,800","2,851,596","67,700","67,800","65,900"
2019,3,12,"67,700","2,753,535","67,700","68,600","67,500"
2019,3,11,"66,600","2,869,008","67,000","67,800","66,200"
2019,3,8,"66,700","3,571,792","67,900","68,200","66,200"
2019,3,7,"68,100","3,402,570","67,200","68,900","67,100"
2019,3,6,"68,100","4,958,303","68,500","69,600","67,400"
2019,3,5,"69,700","3,465,521","68,300","70,000","68,300"
2019,3,4,"70,100","4,931,703","70,300","71,400","69,900"
2019,2,28,"70,000","7,869,451","72,500","72,600","69,900"
2019,2,27,"73,700","2,864,044","75,300","75,700","73,700"
2019,2,26,"75,200","2,483,512","75,000","75,900","74,100"
2019,2,25,"75,400","2,865,712","77,300","77,600","74,800"
2019,2,22,"76,700","1,882,653","75,600","76,700","75,300"
2019,2,21,"76,700","2,874,589","75,300","77,200","74,600"
2019,2,20,"75,700","3,134,257","73,700","76,000","73,600"
2019,2,19,"73,700","1,462,071","74,500","74,800","73,000"
2019,2,18,"74,700","1,772,434","74,300","75,300","74,000"
2019,2,15,"73,800","4,154,616","76,800","76,900","73,800"
2019,2,14,"77,400","2,313,376","75,800","77,400","75,100"
2019,2,13,"76,200","2,378,193","77,300","77,600","76,100"
2019,2,12,"75,900","3,526,701","74,100","76,400","73,900"
2019,2,11,"74,100","3,374,192","73,000","74,100","72,200"
2019,2,8,"73,500","4,012,485","75,200","75,500","73,000"
2019,2,7,"76,700","4,249,110","77,500","78,200","76,600"
2019,2,1,"75,900","3,349,965","75,400","76,400","74,700"
2019,1,31,"73,900","4,447,535","76,900","77,100","73,700"
2019,1,30,"75,900","5,304,841","73,500","76,300","73,000"
2019,1,29,"73,400","3,368,642","71,400","73,800","71,000"
2019,1,28,"71,800","4,972,189","74,700","74,900","71,200"
2019,1,25,"74,600","7,163,871","71,600","74,800","71,100"
2019,1,24,"70,500","6,914,092","66,900","70,500","66,900"
2019,1,23,"66,800","2,825,017","65,500","67,200","64,800"
2019,1,22,"66,600","4,047,917","67,900","68,000","65,700"
2019,1,21,"67,000","3,977,425","65,900","67,400","65,000"
2019,1,18,"64,600","2,263,599","65,000","65,700","63,900"
2019,1,17,"64,900","2,830,122","65,500","66,200","64,600"
2019,1,16,"64,800","2,478,497","63,800","64,900","62,700"
2019,1,15,"64,000","2,413,868","62,200","64,000","62,200"
2019,1,14,"62,100","3,282,892","64,300","65,100","62,000"
2019,1,11,"65,100","2,890,639","65,400","65,900","64,200"
2019,1,10,"65,300","6,034,432","64,100","65,600","64,000"
2019,1,9,"63,600","4,928,656","59,600","63,800","59,400"
2019,1,8,"59,200","3,062,192","57,900","60,500","57,600"
2019,1,7,"58,700","2,273,750","59,000","59,700","58,400"
2019,1,4,"58,300","3,388,087","57,500","58,500","56,700"
2019,1,3,"57,700","3,337,621","60,200","60,300","57,500"
2019,1,2,"60,600","1,934,295","61,300","61,400","60,000"
2018,12,28,"60,500","1,647,462","61,700","62,300","60,500"
2018,12,27,"61,600","3,047,798","61,600","61,900","60,600"
2018,12,26,"60,100","2,455,060","59,400","60,800","59,300"
2018,12,24,"60,400","2,101,703","59,600","60,700","59,200"
2018,12,21,"60,000","3,946,994","58,200","60,500","58,200"
2018,12,20,"58,600","4,889,709","59,300","59,400","58,100"
2018,12,19,"60,300","3,561,783","60,800","61,000","59,700"
2018,12,18,"61,100","3,098,206","61,000","61,900","60,800"
2018,12,17,"62,200","2,506,287","61,600","62,500","61,000"
2018,12,14,"61,800","5,617,675","65,200","65,300","61,200"
2018,12,13,"65,500","4,062,323","66,300","66,400","64,800"
2018,12,12,"66,200","2,901,875","65,000","66,200","64,900"
2018,12,11,"64,900","2,457,332","66,000","66,600","64,800"
2018,12,10,"65,500","2,206,084","65,900","65,900","64,700"
2018,12,7,"66,800","2,590,733","66,700","67,400","66,600"
2018,12,6,"66,000","3,902,275","67,800","68,200","65,700"
2018,12,5,"68,200","3,008,950","67,200","68,800","67,200"
2018,12,4,"69,000","3,222,060","69,900","70,400","68,400"
2018,12,3,"70,500","2,760,290","71,000","71,100","69,800"
2018,11,30,"69,600","4,167,055","71,500","71,600","68,800"
2018,11,29,"71,500","3,270,078","73,700","73,700","71,200"
2018,11,28,"71,900","2,441,991","71,000","72,000","70,700"
2018,11,27,"70,800","2,293,763","71,100","71,200","69,700"
2018,11,26,"70,900","2,361,766","69,200","71,300","69,000"
2018,11,23,"69,300","1,499,166","69,500","69,700","68,400"
2018,11,22,"69,300","1,966,126","68,100","69,700","68,000"
2018,11,21,"68,100","3,100,596","66,900","68,300","66,100"
2018,11,20,"67,500","3,325,563","67,000","68,200","67,000"
2018,11,19,"69,800","2,303,677","69,600","70,500","68,900"
2018,11,16,"70,100","2,894,513","72,600","72,900","70,000"
2018,11,15,"71,800","1,564,647","70,800","71,800","70,400"
2018,11,14,"70,400","2,783,377","71,400","72,100","70,200"
2018,11,13,"71,900","4,730,929","72,300","72,500","69,900"
2018,11,12,"74,500","3,328,433","72,200","74,500","71,800"
2018,11,9,"72,900","3,414,946","72,400","73,600","71,900"
2018,11,8,"72,900","3,930,969","72,900","73,300","72,600"
2018,11,7,"70,800","3,770,119","70,400","72,300","70,100"
2018,11,6,"70,100","2,624,868","70,500","70,600","69,100"
2018,11,5,"70,500","3,389,386","72,000","72,100","70,100"
2018,11,2,"72,600","5,334,082","70,600","72,800","69,100"
2018,11,1,"68,300","3,218,076","68,900","69,600","67,800"
2018,10,31,"68,200","5,038,931","69,300","70,400","67,600"
2018,10,30,"68,200","6,101,533","66,000","70,900","65,900"
2018,10,29,"66,800","4,252,977","66,600","67,800","64,800"
2018,10,26,"67,000","6,211,406","65,100","67,100","62,900"
2018,10,25,"64,700","5,859,332","64,700","66,000","63,200"
2018,10,24,"66,700","5,703,361","69,400","69,600","65,800"
2018,10,23,"69,100","3,175,869","69,600","70,000","68,600"
2018,10,22,"70,000","2,377,240","69,600","70,900","69,600"
2018,10,19,"70,800","2,688,930","68,100","70,900","67,800"
2018,10,18,"68,700","2,849,229","69,600","69,900","68,700"
2018,10,17,"70,400","2,653,053","71,400","71,700","70,300"
2018,10,16,"69,700","2,211,661","70,300","71,000","69,600"
2018,10,15,"70,300","3,727,297","71,600","71,700","69,900"
2018,10,12,"72,400","4,882,184","69,200","73,200","69,200"
2018,10,11,"69,000","4,936,490","67,600","70,200","67,500"
2018,10,10,"70,300","4,161,114","70,300","71,100","69,800"
2018,10,8,"71,200","2,856,291","69,500","71,800","69,400"
2018,10,5,"70,300","5,508,014","69,700","71,100","69,400"
2018,10,4,"70,000","5,778,810","71,700","72,200","69,800"
2018,10,2,"71,700","4,089,558","73,600","74,000","71,600"
2018,10,1,"73,700","2,970,456","74,300","74,600","73,200"
2018,9,28,"73,100","5,824,873","75,300","75,900","73,100"
2018,9,27,"75,000","5,841,083","75,900","75,900","74,700"
2018,9,21,"76,700","5,678,068","77,100","77,500","76,300"
2018,9,20,"79,100","3,392,490","78,600","79,900","78,000"
2018,9,19,"78,800","2,912,259","79,400","79,700","78,400"
2018,9,18,"78,000","2,450,163","76,600","78,300","76,100"
2018,9,17,"77,200","2,252,063","78,000","78,200","76,700"
2018,9,14,"77,700","4,124,842","76,100","77,800","76,000"
2018,9,13,"74,500","5,257,563","74,300","75,200","73,900"
2018,9,12,"75,100","4,330,147","76,200","76,200","74,700"
2018,9,11,"76,600","3,197,796","76,400","77,800","76,300"
2018,9,10,"76,500","4,167,711","75,900","77,100","75,500"
2018,9,7,"75,900","8,388,278","74,500","76,200","74,100"
2018,9,6,"78,800","4,516,654","78,300","78,900","77,400"
2018,9,5,"80,000","2,627,619","80,600","81,000","79,900"
2018,9,4,"81,200","1,903,734","80,600","81,600","80,200"
2018,9,3,"80,600","2,618,619","82,200","82,800","80,500"
2018,8,31,"83,000","2,303,812","81,800","83,000","81,800"
2018,8,30,"82,700","2,337,573","82,200","83,500","81,500"
2018,8,29,"82,800","2,330,703","82,500","83,300","81,600"
2018,8,28,"82,400","4,466,308","84,100","84,300","81,900"
2018,8,27,"83,500","3,070,598","82,100","83,800","81,600"
2018,8,24,"81,800","3,612,709","80,400","82,200","79,600"
2018,8,23,"81,100","3,272,130","80,300","81,300","79,300"
2018,8,22,"79,800","5,295,710","79,300","80,900","78,200"
2018,8,21,"78,400","5,663,191","74,800","78,700","74,400"
2018,8,20,"74,700","2,048,829","74,700","75,400","74,400"
2018,8,17,"74,500","2,647,963","74,400","75,500","74,100"
2018,8,16,"74,700","5,550,888","73,500","75,400","72,500"
2018,8,14,"75,900","3,206,407","75,900","76,600","75,500"
2018,8,13,"75,400","3,734,794","74,300","75,700","74,100"
2018,8,10,"75,100","6,785,694","77,200","77,600","74,600"
2018,8,9,"78,000","5,587,662","80,100","80,300","77,500"
2018,8,8,"79,800","2,804,784","81,500","81,600","79,400"
2018,8,7,"80,700","3,288,142","80,100","80,800","79,700"
2018,8,6,"79,400","5,910,100","82,200","82,300","79,300"
2018,8,3,"83,300","1,928,574","84,000","84,100","83,100"
2018,8,2,"83,200","3,373,964","85,000","85,600","82,900"
2018,8,1,"85,600","2,265,008","85,900","86,400","85,100"
2018,7,31,"86,300","2,804,543","85,200","86,300","84,500"
2018,7,30,"85,900","2,301,941","86,200","86,400","85,100"
2018,7,27,"86,100","4,943,923","83,700","86,400","83,100"
2018,7,26,"83,100","6,218,102","81,300","83,800","78,600"
2018,7,25,"80,500","4,154,596","83,400","84,000","80,200"
2018,7,24,"83,600","4,023,740","82,500","83,800","81,700"
2018,7,23,"81,700","7,076,375","86,300","86,400","81,200"
2018,7,20,"87,900","3,726,334","89,700","90,000","87,200"
2018,7,19,"90,300","2,383,489","90,400","91,200","90,300"
2018,7,18,"89,300","1,937,496","89,700","91,000","89,100"
2018,7,17,"88,600","1,570,129","90,100","90,200","88,500"
2018,7,16,"89,300","1,896,459","88,700","89,300","87,800"
2018,7,13,"88,800","4,535,954","86,500","90,100","86,500"
2018,7,12,"85,600","3,032,951","86,800","87,000","85,400"
2018,7,11,"86,800","2,037,358","86,500","87,600","85,900"
2018,7,10,"87,300","2,002,682","88,400","88,600","86,700"
2018,7,9,"87,600","2,127,205","85,300","87,600","85,300"
2018,7,6,"85,300","3,482,186","86,200","86,200","83,600"
2018,7,5,"86,200","2,059,342","85,000","87,300","85,000"
2018,7,4,"85,000","2,744,382","87,800","87,800","84,400"
2018,7,3,"86,100","2,817,592","85,000","86,500","84,500"
2018,7,2,"83,700","2,033,542","85,000","86,000","83,400"
2018,6,29,"85,700","3,003,603","83,500","85,700","83,400"
2018,6,28,"83,500","3,838,303","83,000","84,000","82,500"
2018,6,27,"85,200","3,798,356","85,700","86,400","85,200"
2018,6,26,"84,300","5,518,522","82,500","84,800","82,400"
2018,6,25,"84,800","4,420,542","88,800","88,800","84,600"
2018,6,22,"89,500","2,569,978","87,300","89,500","86,700"
2018,6,21,"88,500","3,274,612","88,900","89,300","87,500"
2018,6,20,"87,800","4,183,210","85,800","88,100","85,000"
2018,6,19,"84,100","3,824,878","84,100","86,100","83,700"
2018,6,18,"84,000","4,723,914","86,800","86,900","82,300"
2018,6,15,"87,000","2,945,006","87,400","87,800","86,100"
2018,6,14,"86,300","4,646,948","88,300","88,300","86,300"
2018,6,12,"88,400","1,876,012","89,900","90,100","88,200"
2018,6,11,"89,200","2,535,933","88,800","90,200","88,100"
2018,6,8,"88,400","4,579,508","91,000","91,000","87,600"
2018,6,7,"90,900","2,754,947","92,700","92,700","90,600"
2018,6,5,"91,000","2,758,383","89,800","91,300","89,800"
2018,6,4,"89,800","3,141,036","91,000","92,400","89,700"
2018,6,1,"91,400","4,790,644","90,800","92,200","89,600"
2018,5,31,"93,400","5,996,671","94,500","94,700","92,800"
2018,5,30,"95,000","3,808,299","94,800","95,700","92,800"
2018,5,29,"94,800","2,733,549","94,600","96,100","93,500"
2018,5,28,"94,500","2,505,786","94,600","95,600","93,700"
2018,5,25,"95,200","4,145,819","94,300","97,700","93,900"
2018,5,24,"94,600","3,220,029","95,300","95,900","94,600"
2018,5,23,"95,300","10,378,915","91,900","95,500","91,500"
2018,5,21,"89,100","3,262,983","88,400","89,400","87,400"
2018,5,18,"87,900","2,187,789","87,200","88,000","85,400"
2018,5,17,"86,700","2,864,278","88,400","88,700","86,000"
2018,5,16,"87,000","3,040,180","85,000","87,000","84,800"
2018,5,15,"84,600","2,239,370","86,000","86,000","83,900"
2018,5,14,"85,400","1,959,236","86,100","86,300","84,500"
2018,5,11,"86,100","2,107,047","86,600","86,800","85,400"
2018,5,10,"85,800","3,274,963","85,400","85,800","84,500"
2018,5,9,"83,400","2,284,106","84,300","84,700","83,100"
2018,5,8,"83,500","2,979,605","84,500","85,300","83,200"
2018,5,4,"83,000","2,696,141","83,500","84,100","82,600"
2018,5,3,"82,900","2,362,792","83,200","83,900","82,800"
2018,5,2,"83,100","5,444,240","85,900","86,000","82,900"
2018,4,30,"84,500","4,653,153","85,400","85,700","84,000"
2018,4,27,"87,100","4,961,867","88,500","88,800","86,800"
2018,4,26,"86,500","7,551,747","83,800","87,100","83,300"
2018,4,25,"82,400","3,845,661","81,600","83,000","80,900"
2018,4,24,"82,100","6,804,182","83,300","83,400","80,400"
2018,4,23,"84,400","3,002,461","83,400","85,300","83,300"
2018,4,20,"84,400","4,590,640","85,900","86,300","84,000"
2018,4,19,"87,900","5,901,782","85,800","88,200","85,300"
2018,4,18,"84,600","3,375,376","84,100","85,400","83,700"
2018,4,17,"82,800","2,501,282","83,900","84,000","82,300"
2018,4,16,"84,000","1,489,091","84,200","84,700","83,400"
2018,4,13,"84,200","3,032,369","85,000","85,900","83,900"
2018,4,12,"84,000","5,725,102","81,900","85,100","81,500"
2018,4,11,"81,200","3,053,453","82,400","82,400","81,000"
2018,4,10,"80,400","2,924,054","80,000","80,800","79,200"
2018,4,9,"80,600","3,231,256","80,000","81,200","79,300"
2018,4,6,"80,300","5,693,281","80,000","80,600","79,300"
2018,4,5,"82,900","3,255,356","82,200","83,200","81,200"
2018,4,4,"80,400","2,964,537","82,500","83,000","80,000"
2018,4,3,"81,800","3,553,815","80,300","81,800","78,700"
2018,4,2,"81,300","2,342,407","81,700","82,800","81,100"
2018,3,30,"81,300","3,681,673","81,200","83,300","81,100"
2018,3,29,"80,300","3,618,849","80,800","81,300","79,600"
2018,3,28,"80,300","4,820,673","79,900","82,200","79,600"
2018,3,27,"81,400","7,184,488","84,700","84,800","80,100"
2018,3,26,"84,000","6,121,334","82,300","84,000","81,000"
2018,3,23,"83,100","7,310,739","85,100","86,400","82,800"
2018,3,22,"88,600","2,698,169","88,800","89,300","88,000"
2018,3,21,"88,400","2,942,484","89,600","90,300","88,000"
2018,3,20,"89,600","3,083,666","88,900","89,700","88,000"
2018,3,19,"89,900","3,743,718","90,200","91,500","89,500"
2018,3,16,"89,800","5,006,430","88,500","89,900","87,200"
2018,3,15,"89,600","4,106,667","90,300","90,500","88,600"
2018,3,14,"90,700","5,939,290","89,300","90,900","89,200"
2018,3,13,"90,000","8,775,741","88,000","90,000","87,600"
2018,3,12,"84,900","2,744,795","84,900","85,600","84,300"
2018,3,9,"83,300","5,159,197","84,400","85,900","83,100"
2018,3,8,"83,500","4,440,076","83,900","84,300","81,800"
2018,3,7,"82,700","4,992,841","83,600","83,900","82,400"
2018,3,6,"82,400","7,588,369","80,100","82,500","80,000"
2018,3,5,"78,300","3,415,061","77,500","78,900","77,100"
2018,3,2,"77,400","2,673,152","76,300","77,800","75,900"
2018,2,28,"76,800","3,102,987","78,600","79,200","76,600"
2018,2,27,"78,700","3,395,415","78,700","79,200","78,400"
2018,2,26,"77,500","2,327,486","78,300","78,500","77,200"
2018,2,23,"77,300","2,404,473","76,100","77,600","76,000"
2018,2,22,"75,900","1,879,461","76,100","77,400","75,700"
2018,2,21,"76,900","2,653,870","75,800","77,200","75,800"
2018,2,20,"75,500","2,507,719","76,400","76,500","75,200"
2018,2,19,"76,500","3,350,577","78,900","79,000","76,100"
2018,2,14,"77,600","3,943,628","78,400","79,500","77,000"
2018,2,13,"77,700","7,814,367","75,900","77,800","75,800"
2018,2,12,"74,500","3,317,876","73,700","74,700","73,400"
2018,2,9,"73,400","5,118,112","72,100","74,200","72,000"
2018,2,8,"73,900","5,586,858","71,900","74,200","71,600"
2018,2,7,"71,100","6,007,913","73,700","73,800","70,800"
2018,2,6,"70,200","5,679,965","69,100","71,300","68,200"
2018,2,5,"70,200","4,058,439","70,200","70,900","69,800"
2018,2,2,"72,200","4,343,077","74,500","74,600","71,800"
2018,2,1,"74,400","2,987,816","74,900","75,200","74,000"
2018,1,31,"73,500","5,800,892","72,200","74,500","72,200"
2018,1,30,"73,100","5,443,314","74,300","74,600","73,100"
2018,1,29,"75,300","3,618,328","76,500","77,000","75,000"
2018,1,26,"75,500","4,296,170","76,400","76,400","74,200"
2018,1,25,"75,800","8,758,929","73,400","76,200","72,300"
2018,1,24,"72,400","3,802,939","71,600","73,200","71,500"
2018,1,23,"71,300","4,671,451","71,800","72,200","70,900"
2018,1,22,"71,100","5,610,463","72,800","72,800","70,700"
2018,1,19,"73,300","3,898,397","75,300","75,800","73,000"
2018,1,18,"75,200","6,199,800","75,800","76,800","74,600"
2018,1,17,"74,100","3,256,624","74,400","75,000","73,700"
2018,1,16,"74,400","4,383,229","72,700","74,700","72,700"
2018,1,15,"72,700","3,541,267","73,700","74,100","72,500"
2018,1,12,"74,400","5,659,087","73,300","74,500","72,000"
2018,1,11,"72,600","3,777,867","73,200","73,800","72,000"
2018,1,10,"72,900","9,123,901","76,700","76,700","72,500"
2018,1,9,"76,900","3,343,874","78,300","78,900","76,300"
2018,1,8,"78,200","2,960,495","79,500","80,000","77,400"
2018,1,5,"79,300","3,395,065","78,400","79,400","78,300"
2018,1,4,"77,100","3,729,328","78,700","79,700","77,100"
2018,1,3,"77,700","3,097,644","78,100","78,800","77,300"
2018,1,2,"76,600","2,014,838","77,300","77,300","76,200"
2017,12,28,"76,500","2,825,939","75,400","76,700","75,200"
2017,12,27,"75,100","4,291,492","75,400","76,400","74,400"
2017,12,26,"74,000","6,253,943","76,600","76,900","74,000"
2017,12,22,"76,700","3,382,954","76,400","77,400","76,300"
2017,12,21,"77,000","4,831,110","80,200","80,600","76,900"
2017,12,20,"80,100","4,375,810","80,900","81,600","79,900"
2017,12,19,"80,200","6,782,210","78,400","80,800","78,200"
2017,12,18,"77,200","3,237,589","76,200","77,300","75,900"
2017,12,15,"75,700","3,374,982","77,100","77,400","75,600"
2017,12,14,"76,000","5,552,560","77,200","77,600","76,000"
2017,12,13,"76,800","3,485,920","77,400","77,500","76,200"
2017,12,12,"77,800","3,746,347","79,000","79,000","77,100"
2017,12,11,"78,700","2,493,176","79,000","79,500","78,000"
2017,12,8,"78,700","3,660,716","77,500","78,900","76,900"
2017,12,7,"76,000","5,166,136","78,300","78,300","75,600"
2017,12,6,"77,500","3,934,238","78,700","79,500","77,200"
2017,12,5,"77,900","3,736,568","77,600","79,300","77,100"
2017,12,4,"79,100","4,115,752","77,600","79,200","76,800"
2017,12,1,"77,400","4,340,592","77,200","78,800","77,100"
2017,11,30,"76,800","11,213,748","77,000","79,600","76,800"
2017,11,29,"82,400","2,418,748","82,900","83,000","82,100"
2017,11,28,"82,600","4,083,144","82,900","83,600","81,200"
2017,11,27,"83,100","7,105,679","86,000","86,700","82,000"
2017,11,24,"85,100","2,073,899","84,500","85,400","83,900"
2017,11,23,"84,700","2,840,382","86,200","86,300","84,500"
2017,11,22,"86,800","4,592,670","86,500","87,700","86,100"
2017,11,21,"85,000","5,540,888","83,200","85,000","82,800"
2017,11,20,"82,100","2,988,991","83,300","83,300","81,800"
2017,11,17,"83,000","4,339,090","83,300","84,800","83,000"
2017,11,16,"82,500","3,053,355","82,300","82,800","81,200"
2017,11,15,"82,000","3,207,872","83,800","84,200","81,900"
2017,11,14,"83,400","3,399,976","83,000","84,500","82,900"
2017,11,13,"82,300","2,955,651","82,000","83,100","81,800"
2017,11,10,"82,000","2,357,772","81,300","82,800","81,000"
2017,11,9,"82,400","3,748,489","83,200","83,500","81,600"
2017,11,8,"83,200","3,396,387","82,100","84,400","81,800"
2017,11,7,"82,400","2,993,945","82,800","83,300","82,200"
2017,11,6,"83,500","3,131,468","83,600","84,100","83,000"
2017,11,3,"84,400","4,050,123","83,400","84,500","81,900"
2017,11,2,"83,400","4,464,960","85,000","85,100","83,200"
2017,11,1,"85,300","7,067,296","86,000","86,000","84,000"
2017,10,31,"82,200","6,620,890","80,000","82,700","79,200"
2017,10,30,"79,800","5,883,529","79,600","81,300","79,100"
2017,10,27,"78,400","8,929,263","78,100","78,700","76,500"
2017,10,26,"78,700","7,528,077","80,000","82,000","78,500"
2017,10,25,"81,700","3,914,170","82,100","82,600","80,300"
2017,10,24,"81,800","5,236,092","84,000","84,200","81,600"
2017,10,23,"84,700","5,388,391","82,600","84,700","82,100"
2017,10,20,"81,200","6,911,051","79,800","82,400","79,600"
2017,10,19,"79,000","7,675,978","79,900","81,800","79,000"
2017,10,18,"80,900","9,070,685","83,200","83,300","80,000"
2017,10,17,"83,500","6,802,500","85,700","86,600","83,500"
2017,10,16,"84,200","6,985,619","86,100","87,100","82,800"
2017,10,13,"86,100","6,101,810","88,500","88,500","85,600"
2017,10,12,"88,500","4,313,702","89,200","89,900","88,100"
2017,10,11,"89,100","5,500,820","89,900","90,300","88,100"
2017,10,10,"88,700","7,956,055","86,300","90,000","85,300"
2017,9,29,"82,900","3,579,139","83,300","84,300","82,200"
2017,9,28,"83,200","4,817,018","84,500","85,500","82,500"
2017,9,27,"82,400","5,029,200","83,100","83,800","81,400"
2017,9,26,"82,100","11,035,272","84,100","85,100","81,000"
2017,9,25,"86,300","4,656,285","83,600","86,300","83,600"
2017,9,22,"83,100","5,970,218","82,900","84,300","82,000"
2017,9,21,"83,100","6,961,713","81,100","83,400","80,400"
2017,9,20,"80,700","5,268,665","79,300","81,200","78,400"
2017,9,19,"79,200","3,934,389","80,100","80,500","78,500"
2017,9,18,"79,700","3,638,325","78,200","80,000","77,700"
2017,9,15,"77,200","2,725,277","76,100","77,500","76,000"
2017,9,14,"76,800","3,366,621","76,300","76,800","75,700"
2017,9,13,"75,700","5,682,708","75,000","77,400","74,300"
2017,9,12,"74,700","3,676,865","74,800","74,900","73,500"
2017,9,11,"73,800","3,321,612","73,600","74,200","73,200"
2017,9,8,"72,600","2,868,673","72,000","72,800","71,500"
2017,9,7,"71,400","3,877,849","71,600","72,800","71,200"
2017,9,6,"71,700","4,476,200","69,900","71,900","69,700"
2017,9,5,"69,900","4,026,248","68,600","70,100","67,900"
2017,9,4,"68,100","3,234,465","66,600","68,600","66,600"
2017,9,1,"68,700","2,304,425","69,000","69,200","67,700"
2017,8,31,"68,600","2,054,717","68,900","69,300","68,200"
2017,8,30,"68,500","2,118,742","68,300","68,900","68,100"
2017,8,29,"67,600","2,967,906","67,300","67,900","66,400"
2017,8,28,"67,900","1,843,458","68,000","68,100","67,100"
2017,8,25,"68,400","1,862,764","68,300","68,400","67,600"
2017,8,24,"68,100","2,333,347","68,200","68,700","67,500"
2017,8,23,"68,000","3,072,911","69,000","69,000","67,600"
2017,8,22,"68,200","2,208,365","67,400","68,200","67,200"
2017,8,21,"67,200","2,570,150","67,300","67,800","66,600"
2017,8,18,"67,000","3,130,891","64,900","67,300","64,800"
2017,8,17,"66,400","3,709,768","66,800","67,300","66,100"
2017,8,16,"66,100","4,714,899","67,200","67,300","65,800"
2017,8,14,"65,100","5,239,246","63,000","65,100","62,300"
2017,8,11,"61,400","6,664,578","62,000","63,000","61,400"
2017,8,10,"64,400","4,474,120","63,700","64,600","63,200"
2017,8,9,"64,200","4,037,319","65,400","65,400","64,000"
2017,8,8,"66,300","4,372,768","64,900","66,400","64,800"
2017,8,7,"64,100","3,518,575","64,000","65,000","63,700"
2017,8,4,"64,000","5,938,549","65,100","66,100","63,200"
2017,8,3,"65,500","4,992,104","67,900","67,900","65,200"
2017,8,2,"68,000","4,161,592","67,900","68,200","66,600"
2017,8,1,"65,500","3,744,523","65,300","66,500","64,700"
2017,7,31,"66,000","4,769,724","63,700","66,000","63,700"
2017,7,28,"64,600","8,093,780","67,800","67,900","64,200"
2017,7,27,"68,400","6,177,375","66,800","69,500","66,800"
2017,7,26,"66,800","9,659,618","69,600","69,900","66,700"
2017,7,25,"70,400","6,028,435","72,900","73,000","70,100"
2017,7,24,"73,000","3,598,173","71,300","73,000","71,000"
2017,7,21,"71,200","1,599,111","70,800","71,300","70,300"
2017,7,20,"71,300","1,647,153","71,400","71,700","70,800"
2017,7,19,"71,000","2,009,799","71,200","71,200","70,000"
2017,7,18,"70,800","2,066,194","70,700","71,800","70,600"
2017,7,17,"71,200","2,804,598","71,800","71,900","70,200"
2017,7,14,"71,100","2,931,832","71,400","72,200","70,700"
2017,7,13,"70,600","5,432,312","69,500","71,900","69,200"
2017,7,12,"68,900","3,462,150","68,700","69,500","68,400"
2017,7,11,"69,000","3,187,332","67,400","69,000","66,900"
2017,7,10,"67,300","2,667,048","67,000","67,500","65,700"
2017,7,7,"66,600","3,242,213","67,600","68,400","66,100"
2017,7,6,"68,100","4,048,922","69,000","69,400","67,500"
2017,7,5,"68,000","4,557,456","65,600","68,200","65,300"
2017,7,4,"65,800","2,895,782","65,900","67,100","65,300"
2017,7,3,"66,300","3,763,473","66,500","66,900","65,500"
2017,6,30,"67,400","3,230,282","67,400","67,800","67,000"
2017,6,29,"68,500","3,702,501","67,900","68,800","67,100"
2017,6,28,"67,200","5,520,578","68,100","69,200","66,800"
2017,6,27,"69,200","4,951,341","68,200","69,600","67,000"
2017,6,26,"67,500","3,516,630","65,000","67,500","65,000"
2017,6,23,"65,000","3,189,590","64,500","65,400","63,500"
2017,6,22,"65,000","4,977,159","66,500","66,500","64,500"
2017,6,21,"64,800","5,650,669","63,300","66,300","62,900"
2017,6,20,"64,000","6,519,471","64,700","65,400","63,700"
2017,6,19,"62,800","5,315,543","61,300","63,200","61,300"
2017,6,16,"60,500","3,932,203","61,100","61,600","59,900"
2017,6,15,"60,600","4,549,233","59,300","61,000","59,300"
2017,6,14,"59,300","4,441,904","59,200","60,000","58,800"
2017,6,13,"58,800","3,431,811","57,700","58,900","56,900"
2017,6,12,"57,500","2,650,404","57,200","57,900","56,800"
2017,6,9,"58,300","4,799,560","56,700","58,400","56,500"
2017,6,8,"56,700","3,943,311","56,500","57,000","56,200"
2017,6,7,"56,500","3,040,030","55,900","56,900","55,400"
2017,6,5,"56,100","2,525,078","57,200","57,200","55,900"
2017,6,2,"57,100","2,481,215","56,900","57,500","56,400"
2017,6,1,"56,400","2,006,611","56,700","56,900","56,100"
2017,5,31,"57,000","3,314,659","57,400","57,900","56,500"
2017,5,30,"57,400","2,368,225","58,200","58,400","56,600"
2017,5,29,"57,900","3,294,700","57,700","58,800","57,100"
2017,5,26,"57,100","3,145,737","56,000","57,100","56,000"
2017,5,25,"55,800","1,996,135","56,400","56,400","55,400"
2017,5,24,"55,800","2,324,952","55,700","56,500","55,600"
2017,5,23,"55,100","2,410,542","56,400","56,500","55,000"
2017,5,22,"56,000","2,544,180","54,900","56,000","54,800"
2017,5,19,"54,200","2,860,160","55,100","55,600","54,200"
2017,5,18,"55,700","3,494,997","53,600","55,700","53,400"
2017,5,17,"54,700","2,485,465","55,400","55,700","54,400"
2017,5,16,"55,300","2,546,047","56,200","56,800","55,200"
2017,5,15,"55,600","1,542,366","55,300","56,100","55,300"
2017,5,12,"55,300","2,303,244","56,400","56,400","55,100"
2017,5,11,"56,400","3,509,393","56,000","56,400","54,800"
2017,5,10,"55,600","4,766,870","57,400","58,100","55,200"
2017,5,8,"56,900","3,818,771","56,000","57,000","55,700"
2017,5,4,"55,900","2,780,438","55,900","55,900","55,000"
2017,5,2,"55,400","4,347,745","55,300","55,900","54,800"
2017,4,28,"54,000","3,573,387","53,600","54,700","53,400"
2017,4,27,"53,600","2,743,963","53,800","53,900","52,700"
2017,4,26,"53,700","5,609,007","53,100","54,200","53,000"
2017,4,25,"52,400","5,312,931","52,800","52,800","51,300"
2017,4,24,"52,400","3,158,545","52,700","53,200","52,100"
2017,4,21,"52,000","3,834,454","51,800","52,500","51,300"
2017,4,20,"51,400","3,573,280","49,750","51,700","49,700"
2017,4,19,"49,850","1,587,172","50,300","50,400","49,850"
2017,4,18,"50,200","1,899,560","49,600","50,400","49,300"
2017,4,17,"49,200","2,002,100","50,200","50,300","49,100"
2017,4,14,"49,800","2,845,128","49,750","50,700","49,450"
2017,4,13,"49,750","2,367,158","49,100","50,200","48,650"
2017,4,12,"49,000","1,694,663","48,800","49,200","48,550"
2017,4,11,"48,850","2,384,127","48,550","49,350","48,400"
2017,4,10,"49,000","1,824,895","49,700","49,750","48,950"
2017,4,7,"49,800","2,645,476","49,450","49,800","48,700"
2017,4,6,"49,400","2,991,825","50,300","50,500","49,100"
2017,4,5,"50,300","2,758,658","50,600","51,000","49,950"
2017,4,4,"51,000","2,192,884","52,100","52,200","50,800"
2017,4,3,"51,800","2,361,892","50,800","51,900","50,700"
2017,3,31,"50,500","2,682,196","50,800","50,800","49,900"
2017,3,30,"50,900","2,204,243","51,100","51,500","50,200"
2017,3,29,"51,300","4,154,277","51,000","52,200","50,800"
2017,3,28,"50,800","2,862,493","51,200","51,300","50,000"
2017,3,27,"50,700","5,607,032","50,000","51,100","49,950"
2017,3,24,"49,500","5,174,622","50,000","50,200","49,300"
2017,3,23,"48,450","2,473,925","48,950","49,300","48,150"
2017,3,22,"48,650","4,157,526","47,000","48,800","47,000"
2017,3,21,"47,550","3,720,816","47,900","48,250","47,000"
2017,3,20,"47,600","3,929,405","46,950","47,650","46,550"
2017,3,17,"46,750","8,098,258","48,400","48,400","46,600"
2017,3,16,"49,150","3,458,839","49,350","49,650","48,500"
2017,3,15,"48,800","4,688,787","49,350","49,500","48,550"
2017,3,14,"50,300","4,024,138","51,800","51,900","50,300"
2017,3,13,"51,000","4,948,062","49,550","51,100","49,300"
2017,3,10,"49,200","3,849,912","48,100","49,550","47,500"
2017,3,9,"48,000","2,957,372","48,200","48,850","48,000"
2017,3,8,"48,000","3,728,263","48,800","49,300","47,900"
2017,3,7,"48,800","3,439,908","49,100","49,300","48,050"
2017,3,6,"49,350","5,045,970","47,600","49,400","47,550"
2017,3,3,"47,100","3,937,032","47,650","48,250","46,700"
2017,3,2,"47,700","7,093,071","46,850","47,850","46,800"
2017,2,28,"46,700","5,588,155","46,600","47,600","46,200"
2017,2,27,"46,000","7,604,699","46,850","47,000","45,650"
2017,2,24,"47,500","7,707,747","49,850","50,000","47,400"
2017,2,23,"50,200","3,374,139","50,000","50,400","49,050"
2017,2,22,"50,600","2,678,429","51,600","51,700","50,600"
2017,2,21,"50,900","2,227,708","49,950","51,000","49,350"
2017,2,20,"49,900","2,265,276","50,900","51,000","49,600"
2017,2,17,"50,400","4,927,937","50,400","51,100","50,200"
2017,2,16,"49,600","4,840,918","48,350","49,600","48,200"
2017,2,15,"47,900","8,725,221","48,300","48,700","47,550"
2017,2,14,"48,450","8,593,878","51,100","51,600","48,100"
2017,2,13,"50,700","4,124,290","49,550","51,000","49,500"
2017,2,10,"50,000","9,120,878","52,000","52,200","50,000"
2017,2,9,"52,700","6,547,266","53,100","53,700","52,500"
2017,2,8,"54,600","3,552,260","53,700","54,600","52,400"
2017,2,7,"53,300","2,405,891","53,800","54,500","53,100"
2017,2,6,"53,700","1,897,002","54,200","54,400","53,300"
2017,2,3,"53,700","3,718,619","52,500","53,700","51,800"
2017,2,2,"52,800","3,486,140","53,500","54,000","52,700"
2017,2,1,"54,000","2,813,046","54,300","54,900","53,700"
2017,1,31,"53,700","4,118,790","53,300","54,500","52,700"
2017,1,26,"53,300","4,517,114","52,500","53,500","52,400"
2017,1,25,"51,700","2,715,809","52,200","52,500","51,600"
2017,1,24,"51,600","3,449,130","51,300","52,000","51,100"
2017,1,23,"50,800","4,148,659","49,950","51,000","49,900"
2017,1,20,"49,150","1,943,195","49,700","50,100","49,150"
2017,1,19,"49,600","2,332,268","49,550","50,100","49,100"
2017,1,18,"48,850","2,974,091","48,950","49,400","48,300"
2017,1,17,"49,300","2,309,955","49,300","50,200","49,250"
2017,1,16,"49,300","4,974,924","50,100","50,300","48,800"
2017,1,13,"50,300","4,219,771","49,850","50,700","49,850"
2017,1,12,"50,600","5,060,622","51,600","51,600","50,400"
2017,1,11,"51,600","4,360,058","50,000","51,900","50,000"
2017,1,10,"49,750","2,561,968","49,850","50,200","49,200"
2017,1,9,"49,550","3,871,999","48,500","49,750","48,200"
2017,1,6,"48,000","3,166,843","47,700","48,450","47,600"
2017,1,5,"46,950","2,377,163","47,000","47,500","46,850"
2017,1,4,"46,500","2,722,599","47,000","47,150","46,200"
2017,1,3,"47,250","2,655,477","46,200","47,300","46,200"
2017,1,2,"45,800","1,547,681","44,750","46,000","44,600"
2016,12,29,"44,700","1,808,856","45,150","45,200","44,600"
2016,12,28,"45,350","1,296,254","45,350","45,750","45,100"
2016,12,27,"45,650","1,175,619","45,550","45,950","45,400"
2016,12,26,"45,650","1,603,230","46,200","46,600","45,250"
2016,12,23,"46,300","2,982,024","46,200","46,400","45,950"
2016,12,22,"45,500","4,045,912","46,000","46,650","45,150"
2016,12,21,"45,000","1,662,010","45,500","45,750","45,000"
2016,12,20,"45,150","1,110,753","45,400","45,550","44,950"
2016,12,19,"45,150","1,997,194","46,250","46,300","45,050"
2016,12,16,"46,400","2,100,809","45,800","46,450","45,700"
2016,12,15,"45,600","1,828,843","45,850","46,050","45,000"
2016,12,14,"45,850","2,010,708","45,350","46,100","45,350"
2016,12,13,"44,950","1,822,952","44,700","45,700","44,700"
2016,12,12,"45,300","1,440,589","45,750","45,850","44,850"
2016,12,9,"45,500","3,003,326","46,450","46,750","45,450"
2016,12,8,"46,250","3,313,157","46,200","46,650","46,100"
2016,12,7,"45,250","1,984,369","45,750","45,800","45,200"
2016,12,6,"45,200","3,099,065","44,700","45,500","44,600"
2016,12,5,"44,400","1,703,219","44,050","44,600","43,800"
2016,12,2,"44,400","4,244,113","43,350","44,500","43,300"
2016,12,1,"44,200","3,491,185","43,000","44,400","43,000"
2016,11,30,"42,900","4,325,524","42,900","43,800","42,650"
2016,11,29,"42,400","1,777,480","42,400","43,100","41,800"
2016,11,28,"42,600","1,513,215","42,400","43,250","42,100"
2016,11,25,"42,600","1,328,958","43,050","43,300","42,250"
2016,11,24,"42,650","1,789,745","43,350","43,850","42,500"
2016,11,23,"43,050","4,047,443","43,000","43,900","42,550"
2016,11,22,"42,700","3,306,186","41,250","42,800","41,200"
2016,11,21,"40,750","1,883,627","41,800","41,900","40,650"
2016,11,18,"42,000","3,331,134","42,300","42,400","41,700"
2016,11,17,"41,900","2,383,464","41,500","41,900","41,200"
2016,11,16,"40,850","2,101,878","40,450","41,000","40,250"
2016,11,15,"39,700","2,030,086","39,700","40,400","39,500"
2016,11,14,"39,700","1,589,911","40,000","40,450","39,700"
2016,11,11,"39,850","2,962,651","40,000","40,450","39,550"
2016,11,10,"41,000","2,520,434","41,000","41,050","40,500"
2016,11,9,"39,650","5,779,291","41,650","41,750","38,700"
2016,11,8,"41,500","1,882,987","42,100","42,150","41,250"
2016,11,7,"41,500","2,033,220","41,800","42,050","41,200"
2016,11,4,"41,200","2,600,930","41,150","41,400","40,850"
2016,11,3,"41,150","2,580,396","40,900","41,700","40,700"
2016,11,2,"41,000","2,822,651","41,250","41,400","40,450"
2016,11,1,"42,000","3,173,446","41,700","42,350","41,600"
2016,10,31,"41,000","3,297,943","42,500","42,900","41,000"
2016,10,28,"42,450","2,251,179","42,700","42,950","42,100"
2016,10,27,"43,000","4,814,197","42,900","43,600","42,600"
2016,10,26,"42,900","6,364,037","41,300","42,900","41,300"
2016,10,25,"41,050","4,469,224","40,350","41,650","40,200"
2016,10,24,"40,150","2,211,109","41,000","41,150","39,850"
2016,10,21,"40,950","2,436,212","39,500","41,000","39,500"
2016,10,20,"40,050","5,423,960","40,250","40,300","38,850"
2016,10,19,"40,050","5,033,246","41,150","41,450","39,850"
2016,10,18,"41,650","2,559,222","42,200","42,300","41,300"
2016,10,17,"42,300","2,314,725","41,750","42,300","41,400"
2016,10,14,"41,550","2,708,972","41,300","41,900","41,200"
2016,10,13,"40,950","3,638,071","41,450","41,700","40,950"
2016,10,12,"41,250","3,521,492","41,000","41,900","41,000"
2016,10,11,"41,300","2,810,503","41,300","42,000","41,100"
2016,10,10,"41,300","2,916,252","42,200","42,500","41,200"
2016,10,7,"42,200","2,637,734","42,700","42,700","41,900"
2016,10,6,"42,550","2,815,496","43,100","43,150","42,400"
2016,10,5,"42,600","4,387,312","42,150","42,950","41,200"
2016,10,4,"41,800","3,639,803","41,500","41,800","41,000"
2016,9,30,"40,200","3,764,773","39,750","40,950","39,600"
2016,9,29,"40,200","3,976,705","40,600","40,750","40,150"
2016,9,28,"41,200","4,189,804","41,300","42,000","40,950"
2016,9,27,"41,150","4,001,505","39,400","41,150","39,150"
2016,9,26,"39,500","1,669,862","39,350","39,500","38,800"
2016,9,23,"39,350","2,095,120","39,550","39,650","39,050"
2016,9,22,"39,400","3,214,630","39,800","39,800","39,150"
2016,9,21,"39,150","1,731,450","39,000","39,150","38,650"
2016,9,20,"39,250","2,594,490","39,200","39,450","38,750"
2016,9,19,"39,200","5,283,684","38,700","39,450","38,250"
2016,9,13,"37,800","3,928,646","37,600","38,300","37,500"
2016,9,12,"37,000","4,885,896","37,500","38,300","37,000"
2016,9,9,"38,950","2,748,415","38,550","39,000","38,350"
2016,9,8,"38,700","3,698,781","37,900","38,700","37,900"
2016,9,7,"37,900","3,786,844","38,200","38,800","37,900"
2016,9,6,"38,000","2,123,160","37,750","38,000","37,350"
2016,9,5,"37,500","2,337,575","36,900","37,500","36,850"
2016,9,2,"36,650","1,828,390","36,100","36,700","35,950"
2016,9,1,"36,100","1,713,669","36,400","36,400","35,700"
2016,8,31,"36,450","2,832,970","36,400","36,450","35,750"
2016,8,30,"36,300","2,766,460","36,800","36,950","35,550"
2016,8,29,"36,250","2,782,441","35,350","36,400","35,300"
2016,8,26,"36,250","2,635,343","35,850","36,350","35,750"
2016,8,25,"35,700","1,568,516","35,100","35,750","34,900"
2016,8,24,"35,750","1,689,924","35,900","35,950","35,300"
2016,8,23,"35,600","3,014,421","36,250","36,300","35,550"
2016,8,22,"36,000","4,149,396","35,500","36,050","35,250"
2016,8,19,"35,400","4,683,750","34,400","35,400","34,200"
2016,8,18,"34,150","1,855,081","33,550","34,250","33,550"
2016,8,17,"33,550","2,083,372","33,750","33,900","32,900"
2016,8,16,"33,700","2,883,043","34,950","34,950","33,700"
2016,8,12,"34,350","2,437,735","34,450","35,100","34,200"
2016,8,11,"34,800","2,980,478","33,700","34,800","33,450"
2016,8,10,"33,800","3,193,311","34,900","35,000","33,650"
2016,8,9,"35,050","2,112,078","34,850","35,200","34,450"
2016,8,8,"34,950","2,157,854","35,150","35,250","34,400"
2016,8,5,"34,800","2,830,058","34,300","34,900","33,950"
2016,8,4,"33,650","1,477,680","33,950","34,200","33,350"
2016,8,3,"33,550","2,698,841","33,300","34,400","33,000"
2016,8,2,"33,750","2,123,735","34,600","34,700","33,650"
2016,8,1,"34,850","3,274,413","34,700","35,300","34,600"
2016,7,29,"34,400","4,660,512","33,550","34,400","33,450"
2016,7,28,"33,550","3,586,965","33,150","33,550","33,000"
2016,7,27,"33,450","4,762,165","32,600","33,450","32,550"
2016,7,26,"32,050","5,028,045","32,400","32,400","31,100"
2016,7,25,"32,500","2,147,590","32,300","32,650","32,150"
2016,7,22,"32,000","2,442,893","32,150","32,150","31,200"
2016,7,21,"32,150","1,879,147","32,400","32,800","32,100"
2016,7,20,"32,100","1,775,583","32,300","32,400","31,850"
2016,7,19,"32,450","2,340,759","32,900","33,000","31,950"
2016,7,18,"32,750","1,515,167","32,900","33,100","32,500"
2016,7,15,"32,700","2,580,255","33,300","33,500","32,650"
2016,7,14,"33,050","3,145,494","32,500","33,300","32,450"
2016,7,13,"32,650","3,779,418","32,700","32,950","32,450"
2016,7,12,"32,000","2,523,664","32,250","32,300","31,550"
2016,7,11,"32,000","3,938,161","31,750","32,300","31,650"
2016,7,8,"31,050","2,424,460","30,700","31,250","30,550"
2016,7,7,"30,650","2,715,183","30,750","31,350","30,600"
2016,7,6,"30,600","6,314,347","31,100","31,350","30,300"
2016,7,5,"31,850","2,577,231","32,650","32,650","31,850"
2016,7,4,"32,750","3,192,033","32,250","32,900","32,050"
2016,7,1,"32,150","5,289,586","31,800","32,700","31,600"
2016,6,30,"32,400","4,571,310","32,000","32,550","31,700"
2016,6,29,"31,800","3,801,424","31,800","32,200","31,700"
2016,6,28,"31,150","5,072,467","31,150","31,600","30,650"
2016,6,27,"32,050","6,146,337","31,350","32,050","31,050"
2016,6,24,"31,800","16,852,175","32,800","33,100","30,450"
2016,6,23,"31,750","7,147,499","30,900","31,800","30,850"
2016,6,22,"30,950","5,122,638","30,200","30,950","30,000"
2016,6,21,"29,800","2,376,833","30,050","30,150","29,550"
2016,6,20,"30,050","4,501,015","29,800","30,050","29,050"
2016,6,17,"29,000","2,891,783","30,000","30,000","28,750"
2016,6,16,"29,650","3,687,253","30,250","30,400","29,350"
2016,6,15,"29,950","5,751,526","29,350","30,150","29,300"
2016,6,14,"29,050","3,490,535","28,150","29,300","28,150"
2016,6,13,"28,350","2,607,031","28,650","28,700","28,000"
2016,6,10,"29,000","2,413,698","29,150","29,200","28,700"
2016,6,9,"29,000","5,336,122","28,700","29,400","28,650"
2016,6,8,"28,550","3,940,058","29,050","29,300","28,450"
2016,6,7,"28,650","4,435,065","27,700","28,750","27,650"
2016,6,3,"27,600","3,680,988","28,150","28,450","27,400"
2016,6,2,"28,050","3,443,745","28,600","29,050","28,000"
2016,6,1,"28,500","3,630,711","28,850","29,000","28,400"
2016,5,31,"28,700","5,414,611","28,650","29,000","28,200"
2016,5,30,"29,000","5,492,886","28,850","29,400","28,650"
2016,5,27,"28,650","7,719,656","27,200","28,750","27,150"
2016,5,26,"27,000","1,938,084","27,150","27,200","26,850"
2016,5,25,"27,050","2,250,906","27,450","27,450","26,950"
2016,5,24,"26,850","2,428,278","27,350","27,350","26,700"
2016,5,23,"27,200","4,534,043","26,800","27,450","26,650"
2016,5,20,"26,300","2,245,019","26,600","26,650","26,250"
2016,5,19,"26,600","4,367,007","26,750","26,900","26,400"
2016,5,18,"26,200","2,474,774","25,800","26,400","25,650"
2016,5,17,"25,900","1,545,947","26,250","26,300","25,900"
2016,5,16,"26,100","1,337,159","26,100","26,300","25,900"
2016,5,13,"26,100","1,849,910","26,100","26,250","25,900"
2016,5,12,"26,100","1,759,282","26,050","26,250","25,850"
2016,5,11,"26,200","1,735,332","26,500","26,550","26,100"
2016,5,10,"26,400","2,564,593","25,750","26,400","25,750"
2016,5,9,"25,750","5,291,220","26,150","26,550","25,700"
2016,5,4,"26,650","4,388,484","27,450","27,500","26,500"
2016,5,3,"27,650","1,373,116","27,950","28,100","27,650"
2016,5,2,"27,850","1,306,092","27,950","28,300","27,750"
2016,4,29,"28,150","2,878,692","27,700","28,250","27,500"
2016,4,28,"27,900","6,766,879","29,100","29,150","27,850"
2016,4,27,"29,150","6,213,757","29,300","29,750","29,000"
2016,4,26,"29,150","7,750,203","27,550","29,200","27,550"
2016,4,25,"27,500","1,506,644","27,650","27,800","27,350"
2016,4,22,"27,500","1,556,764","27,450","27,800","27,350"
2016,4,21,"27,550","2,999,400","27,700","27,950","27,500"
2016,4,20,"27,550","3,231,788","27,500","28,000","27,500"
2016,4,19,"27,450","1,843,729","27,500","27,550","27,350"
2016,4,18,"27,200","3,861,103","28,000","28,150","27,200"
2016,4,15,"27,650","2,785,108","27,450","27,800","27,350"
2016,4,14,"27,250","4,761,215","27,600","27,850","27,250"
2016,4,12,"27,150","1,850,577","27,200","27,550","27,100"
2016,4,11,"27,150","2,425,426","27,600","27,700","27,150"
2016,4,8,"27,800","3,718,690","26,950","27,800","26,900"
2016,4,7,"26,900","4,588,396","27,450","27,450","26,750"
2016,4,6,"27,500","2,410,844","27,550","27,850","27,450"
2016,4,5,"27,850","2,032,745","27,900","28,100","27,600"
2016,4,4,"27,900","2,823,088","28,100","28,150","27,800"
2016,4,1,"28,200","2,991,431","28,450","28,500","28,050"
2016,3,31,"28,150","4,336,581","28,700","28,850","28,000"
2016,3,30,"28,650","3,512,889","29,150","29,500","28,650"
2016,3,29,"28,900","2,343,876","28,850","29,150","28,700"
2016,3,28,"28,550","2,795,412","29,000","29,050","28,150"
2016,3,25,"29,150","1,978,956","29,450","29,500","28,900"
2016,3,24,"29,450","3,587,082","29,850","29,900","29,350"
2016,3,23,"30,250","1,868,041","30,100","30,450","29,850"
2016,3,22,"30,200","2,546,366","29,700","30,200","29,550"
2016,3,21,"29,550","1,783,055","29,800","29,850","29,300"
2016,3,18,"29,450","2,864,640","29,500","29,900","29,250"
2016,3,17,"29,250","2,768,278","29,350","29,750","29,100"
2016,3,16,"29,200","2,902,896","29,900","29,950","29,050"
2016,3,15,"29,900","2,078,857","30,350","30,550","29,750"
2016,3,14,"30,350","2,062,549","31,100","31,100","30,250"
2016,3,11,"30,700","2,117,430","29,900","30,850","29,900"
2016,3,10,"30,300","2,734,070","30,550","30,650","30,150"
2016,3,9,"30,550","3,503,375","29,900","30,550","29,650"
2016,3,8,"30,500","4,616,147","31,200","31,500","30,300"
2016,3,7,"31,900","3,487,206","32,150","32,250","31,500"
2016,3,4,"31,900","1,913,316","31,800","32,100","31,550"
2016,3,3,"31,950","3,898,363","31,550","32,000","31,100"
2016,3,2,"30,950","3,567,312","31,050","31,300","30,650"
2016,2,29,"30,000","2,989,861","30,800","30,900","29,600"
2016,2,26,"30,800","1,282,277","31,000","31,100","30,450"
2016,2,25,"30,800","2,527,297","31,400","31,500","30,650"
2016,2,24,"30,900","3,480,563","31,050","31,250","30,600"
2016,2,23,"30,400","2,123,648","30,100","30,600","30,000"
2016,2,22,"29,900","1,366,180","29,400","30,000","29,400"
2016,2,19,"29,600","2,336,536","29,950","30,050","29,250"
2016,2,18,"30,200","2,972,873","30,550","30,850","29,800"
2016,2,17,"30,050","6,106,318","29,250","30,300","29,150"
2016,2,16,"28,900","3,851,681","27,850","29,000","27,800"
2016,2,15,"27,700","2,162,111","27,750","28,200","27,500"
2016,2,12,"27,350","2,429,857","26,850","27,750","26,850"
2016,2,11,"27,150","2,468,082","27,000","27,400","26,950"
2016,2,5,"28,100","1,484,771","28,100","28,350","27,900"
2016,2,4,"28,100","2,459,305","27,700","28,150","27,600"
2016,2,3,"27,450","2,705,269","27,600","27,850","27,200"
2016,2,2,"28,450","2,865,209","28,450","28,800","28,150"
2016,2,1,"28,400","4,767,927","28,100","28,650","27,700"
2016,1,29,"27,300","2,898,720","27,250","27,350","26,950"
2016,1,28,"27,650","3,035,447","27,450","27,750","26,850"
2016,1,27,"27,650","3,205,822","28,100","28,350","27,250"
2016,1,26,"27,850","5,351,814","28,000","29,100","27,750"
2016,1,25,"28,000","2,977,310","27,550","28,200","27,300"
2016,1,22,"27,150","2,361,216","27,200","27,600","27,000"
2016,1,21,"26,600","2,840,628","26,600","27,250","26,600"
2016,1,20,"26,800","4,186,899","28,050","28,100","26,750"
2016,1,19,"28,300","4,291,742","26,700","28,300","26,700"
2016,1,18,"26,700","3,658,921","25,900","27,000","25,800"
2016,1,15,"26,800","5,431,851","27,950","28,300","26,800"
2016,1,14,"27,900","3,957,935","27,300","27,900","27,200"
2016,1,13,"28,100","3,481,523","28,100","28,450","28,000"
2016,1,12,"27,800","4,418,384","28,600","28,900","27,700"
2016,1,11,"28,650","5,358,223","29,400","29,500","28,600"
2016,1,8,"29,700","3,967,121","29,800","30,100","29,550"
2016,1,7,"30,200","2,424,880","30,400","30,750","30,200"
2016,1,6,"30,750","2,461,593","30,600","30,900","30,300"
2016,1,5,"30,600","2,482,905","30,500","31,200","30,350"
2016,1,4,"30,150","1,878,039","30,550","30,750","30,150"
2015,12,30,"30,750","1,801,261","31,100","31,450","30,550"
2015,12,29,"31,200","1,965,713","30,900","31,550","30,800"
2015,12,28,"30,900","2,535,636","31,750","31,850","30,900"
2015,12,24,"31,700","3,624,175","32,950","33,150","31,700"
2015,12,23,"32,700","5,331,047","32,100","33,000","31,900"
2015,12,22,"32,200","6,861,264","31,000","32,200","30,800"
2015,12,21,"30,500","1,576,561","30,450","30,800","30,250"
2015,12,18,"30,600","2,854,920","29,800","30,700","29,800"
2015,12,17,"30,250","2,210,682","30,250","30,550","29,800"
2015,12,16,"30,400","2,601,080","30,050","30,500","29,900"
2015,12,15,"29,400","2,006,190","29,050","29,600","28,800"
2015,12,14,"29,000","3,669,577","29,000","29,350","28,550"
2015,12,11,"29,850","2,725,258","30,200","30,550","29,600"
2015,12,10,"30,300","3,145,787","30,200","30,550","30,050"
2015,12,9,"30,250","1,524,501","30,100","30,550","30,100"
2015,12,8,"30,200","2,483,443","30,500","30,750","30,050"
2015,12,7,"30,700","2,238,378","31,450","31,700","30,700"
2015,12,4,"31,200","2,125,421","30,700","31,450","30,600"
2015,12,3,"31,150","1,730,137","31,050","31,350","30,850"
2015,12,2,"31,200","2,731,791","31,550","31,900","31,200"
2015,12,1,"31,350","3,752,942","31,650","31,650","30,900"
2015,11,30,"31,600","3,917,877","32,050","32,650","31,600"
2015,11,27,"32,000","3,890,920","33,200","33,600","32,000"
2015,11,26,"32,750","13,223,992","32,400","34,150","32,250"
2015,11,25,"31,900","6,941,459","30,400","32,000","30,400"
2015,11,24,"30,200","3,308,696","30,600","30,850","30,100"
2015,11,23,"30,650","2,430,154","31,150","31,250","30,600"
2015,11,20,"31,000","2,097,039","31,500","31,750","31,000"
2015,11,19,"31,200","2,525,784","30,800","31,600","30,700"
2015,11,18,"30,550","3,137,103","30,600","30,800","30,050"
2015,11,17,"30,600","1,935,683","31,050","31,150","30,600"
2015,11,16,"30,500","2,351,453","30,600","30,950","30,500"
2015,11,13,"31,150","1,962,129","30,500","31,600","30,500"
2015,11,12,"30,700","1,537,585","30,950","31,000","30,700"
2015,11,11,"31,000","2,898,877","30,700","31,200","30,550"
2015,11,10,"31,150","2,724,051","30,850","31,350","30,600"
2015,11,9,"31,250","3,563,095","30,900","31,300","30,400"
2015,11,6,"31,200","5,219,855","32,350","32,400","31,050"
2015,11,5,"32,650","1,928,001","32,350","32,700","32,200"
2015,11,4,"32,600","3,276,995","32,500","32,700","32,100"
2015,11,3,"31,900","4,453,120","32,500","33,000","31,550"
2015,11,2,"32,150","4,493,014","30,700","32,250","30,400"
2015,10,30,"30,700","4,640,184","31,150","31,200","30,450"
2015,10,29,"31,450","4,273,016","31,700","32,150","31,300"
2015,10,28,"31,450","4,322,506","32,150","32,450","31,400"
2015,10,27,"32,150","3,535,671","32,100","32,650","32,050"
2015,10,26,"32,900","3,326,112","32,350","33,100","32,300"
2015,10,23,"32,100","6,341,772","32,400","32,950","32,050"
2015,10,22,"31,950","10,914,420","33,200","33,450","31,850"
2015,10,21,"33,650","9,957,394","35,000","35,000","33,600"
2015,10,20,"35,700","2,686,193","36,000","36,150","35,250"
